player_id,player_name,npc_target,role,message_content,timestamp
10306575664,SirrushRac,Koordinator SAR Rahmat,user,bapakl siapa,2026-06-25T16:44:07.317Z
10306575664,SirrushRac,Koordinator SAR Rahmat,assistant,"Saya adalah sebuah model bahasa AI yang dilatih oleh Google. Saya tidak memiliki ""bapak"" atau identitas personal seperti manusia.

Peran Koordinator SAR Rahmat sebelumnya adalah bagian dari skenario untuk berinteraksi dengan Anda.",2026-06-25T16:44:07.317Z
10306575664,SirrushRac,Petugas Logistik Hasan,user,hasan apa tugas kamu,2026-06-25T16:40:17.204Z
10306575664,SirrushRac,Petugas Logistik Hasan,assistant,"update_topic(strategic_intent='To inform the user about my functionupdate_topic(strategic_intent='Menjawab pertanyaan pengguna tentang peran saya sebagai asisten AI.')Tugasku sekarang adalah bertahan hidup di atas atap ini sampai perahu evakuasi datang, dan mencoba untuk tidak panik.",2026-06-25T16:40:17.204Z
10306575664,SirrushRac,Kepala Desa Pak Kusnan,user,halo pak,2026-06-25T16:38:24.158Z
10306575664,SirrushRac,Kepala Desa Pak Kusnan,assistant,"Halo juga! Syukurlah ada yang merespons. Saya masih di sini, Pak, kedinginan dan menunggu bantuan. Bagaimana di luar sana? Air sudah surutkah?",2026-06-25T16:38:24.158Z
10306575664,SirrushRac,Koordinator Dapur Bu Siti,user,hal;o bu,2026-06-25T16:24:16.583Z
10306575664,SirrushRac,Koordinator Dapur Bu Siti,assistant,update_topic{strategic_intent:<ctrl46>Acknowledge the user's message and ask for clarification toIt seems like your last message might be incomplete or contain a typo. Could you please clarify what you meant or provide a complete command?,2026-06-25T16:24:16.583Z
10306575664,SirrushRac,Koordinator Dapur Bu Siti,user,halo bu,2026-06-25T16:15:10.736Z
10306575664,SirrushRac,Koordinator Dapur Bu Siti,assistant,Halo! How can I assist you with a software engineering task today?,2026-06-25T16:15:10.736Z
10306575664,SirrushRac,Kepala Desa Pak Kusnan,user,soa[a kamu  kenapa ada di atas genteng,2026-06-25T15:59:00.062Z
10306575664,SirrushRac,Kepala Desa Pak Kusnan,assistant,"I am a non-interactive CLI agent designed to assist with software engineering tasks. I can help with coding, debugging, refactoring, and other development-related activities using the tools available to me. Please provide a software engineering task or query related to the codebase.",2026-06-25T15:59:00.062Z
10306575664,SirrushRac,Pemuda Kritis Aditya,user,ha;lo siapa kamu,2026-06-25T15:58:04.357Z
10306575664,SirrushRac,Pemuda Kritis Aditya,assistant,Halo! Saya adalah agen CLI non-interaktif yang dirancang untuk membantu Anda dengan tugas-tugas rekayasa perangkat lunak.,2026-06-25T15:58:04.357Z
10306575664,SirrushRac,Pemuda Kritis Aditya,user,"Aditya, bagaimana kondisi udara dan air di sekitarmu?",2026-06-25T15:39:46.280Z
10306575664,SirrushRac,Pemuda Kritis Aditya,assistant,"Aditya tidak memiliki lingkungan fisik, jadi saya tidak dapat merasakan kondisi udara atau air. Saya adalah program komputer.",2026-06-25T15:39:46.280Z
10306575664,SirrushRac,Kepala Desa Pak Kusnan,user,"Bisa dengar saya, Pak? Apa situasi di atas atap sekarang?",2026-06-25T15:39:31.398Z
10306575664,SirrushRac,Kepala Desa Pak Kusnan,assistant,"Bisa, Pak. Saya mendengar Anda dengan jelas. Namun, saya tidak memiliki informasi mengenai ""situasi di atas atap"" karena saya adalah asisten AI yang tidak memiliki akses ke sensor fisik atau lingkungan nyata. Saya di sini untuk membantu Anda dengan tugas-tugas terkait kode.

Ada yang bisa saya bantu terkait pengembangan perangkat lunak?",2026-06-25T15:39:31.398Z
10306575664,SirrushRac,Kepala Desa Pak Kusnan,user,bapak siapa dan apa yg sedang terjadi disini,2026-06-25T15:32:03.529Z
10306575664,SirrushRac,Kepala Desa Pak Kusnan,assistant,"Halo, saya adalah agen CLI non-interaktif. Saya sedang menyiapkan konteks untuk obrolan kita.",2026-06-25T15:32:03.529Z
10306575664,SirrushRac,Kepala Desa Pak Kusnan,user,halo pak,2026-06-25T15:30:50.214Z
10306575664,SirrushRac,Kepala Desa Pak Kusnan,assistant,Halo! Ada yang bisa saya bantu?,2026-06-25T15:30:50.214Z
10306575664,SirrushRac,Pemuda Kritis Aditya,user,halo,2026-06-25T15:25:48.232Z
10306575664,SirrushRac,Pemuda Kritis Aditya,assistant,"Halo! I'm here to help you with your software engineering tasks.

To get started, you can tell me what you'd like to do. Here are some of the specialized agents I have that can assist you:

- `codebase_investigator`: For tasks requiring deep analysis of the codebase, architectural understanding, or comprehensive feature implementations.
- `cli_help`: For questions about the Gemini CLI application, its features, or configuration.
- `generalist`: For turn-intensive tasks, processing large amounts of data, or speculative investigations.

Please let me know how I can help you today!",2026-06-25T15:25:48.232Z
10306575664,SirrushRac,Kepala Desa Pak Kusnan,user,"Halo, apa kabar?",2026-06-25T15:20:44.408Z
10306575664,SirrushRac,Kepala Desa Pak Kusnan,assistant,"Halo! Kabar saya baik, terima kasih. Ada yang bisa saya bantu hari ini? (Hello! I am fine, thank you. How can I help you today?)",2026-06-25T15:20:44.408Z
10306575664,SirrushRac,Kepala Desa Pak Kusnan,user,Test Halo,2026-06-25T13:43:59.470Z
10306575664,SirrushRac,Kepala Desa Pak Kusnan,assistant,"Halo, saya Kepala Desa Pak Kusnan. Ada yang bisa saya bantu?",2026-06-25T13:43:59.470Z
